cluster_id,actual_sales_avg,total_potential_value_avg,market_share_in_account_avg,injection_potential_avg,pal_avg
A,62.07692308,210.7606838,0.886889987,2.933333333,2.525299145
B,278.1666667,53.33333333,2.070648148,5.12,4.644444444
C,10.59210526,61.01973684,0.245316548,1.430526316,1.029078947
D,315.8461538,799.3076923,3.331569829,3.692307692,4.264615385
