cluster_id,actual_sales_avg,total_potential_value_avg,market_share_in_account_avg,injection_potential_avg,pal_avg
A,1.674648779,1.844143494,1.831524027,2.629291488,2.655401313
B,4.506254055,1,3.365757356,5,5
C,1,1.041215376,1,1,1
D,5,5,5,3.452145287,4.579761371
